{
	"textures": {
	},
	"elements": [
		{
			"name": "Cube",
			"from": [7, 2, 7.5],
			"to": [9, 14, 8.5],
			"faces": {
				"north": {"uv": [8, 2, 6, 14], "texture": "#0"},
				"east": {"uv": [6, 2, 7, 3], "texture": "#0"},
				"south": {"uv": [5, 2, 7, 14], "texture": "#0"},
				"west": {"uv": [5, 2, 6, 3], "texture": "#0"},
				"up": {"uv": [5, 2, 7, 3], "texture": "#0"}
			}
		},
		{
			"name": "Cube",
			"from": [9, 2, 7.5],
			"to": [11, 13, 8.5],
			"faces": {
				"north": {"uv": [13, 3, 11, 14], "texture": "#0"},
				"east": {"uv": [12, 3, 13, 4], "texture": "#0"},
				"south": {"uv": [8, 3, 10, 14], "texture": "#0"},
				"up": {"uv": [8, 3, 10, 4], "texture": "#0"},
				"down": {"uv": [9, 13, 10, 14], "texture": "#0"}
			}
		},
		{
			"name": "Cube",
			"from": [5, 2, 7.5],
			"to": [7, 13, 8.5],
			"faces": {
				"north": {"uv": [11, 3, 9, 14], "texture": "#0"},
				"south": {"uv": [3, 3, 5, 14], "texture": "#0"},
				"west": {"uv": [3, 3, 4, 4], "texture": "#0"},
				"up": {"uv": [3, 3, 5, 4], "texture": "#0"},
				"down": {"uv": [3, 13, 4, 14], "texture": "#0"}
			}
		},
		{
			"name": "Cube",
			"from": [4, 2, 7.5],
			"to": [5, 12, 8.5],
			"faces": {
				"north": {"uv": [14, 4, 13, 14], "texture": "#0"},
				"south": {"uv": [2, 4, 3, 14], "texture": "#0"},
				"west": {"uv": [2, 4, 3, 14], "texture": "#0"},
				"up": {"uv": [2, 4, 3, 5], "texture": "#0"},
				"down": {"uv": [2, 13, 3, 14], "texture": "#0"}
			}
		},
		{
			"name": "Cube",
			"from": [11, 2, 7.5],
			"to": [12, 12, 8.5],
			"faces": {
				"north": {"uv": [3, 4, 2, 14], "texture": "#0"},
				"east": {"uv": [13, 4, 14, 14], "texture": "#0"},
				"south": {"uv": [13, 4, 14, 14], "texture": "#0"},
				"up": {"uv": [13, 4, 14, 5], "texture": "#0"},
				"down": {"uv": [13, 13, 14, 14], "texture": "#0"}
			}
		},
		{
			"name": "Cube",
			"from": [3, 3, 7.5],
			"to": [4, 10, 8.5],
			"faces": {
				"north": {"uv": [15, 6, 14, 13], "texture": "#0"},
				"south": {"uv": [1, 6, 2, 13], "texture": "#0"},
				"west": {"uv": [1, 6, 2, 13], "texture": "#0"},
				"up": {"uv": [1, 6, 2, 7], "texture": "#0"},
				"down": {"uv": [1, 12, 2, 13], "texture": "#0"}
			}
		},
		{
			"name": "Cube",
			"from": [12, 3, 7.5],
			"to": [13, 10, 8.5],
			"faces": {
				"north": {"uv": [2, 6, 1, 13], "texture": "#0"},
				"east": {"uv": [14, 6, 15, 13], "texture": "#0"},
				"south": {"uv": [14, 6, 15, 13], "texture": "#0"},
				"up": {"uv": [14, 6, 15, 7], "texture": "#0"},
				"down": {"uv": [14, 12, 15, 13], "texture": "#0"}
			}
		},
		{
			"name": "Cube",
			"from": [2, 5, 7.5],
			"to": [3, 8, 8.5],
			"faces": {
				"north": {"uv": [16, 8, 15, 11], "texture": "#0"},
				"south": {"uv": [0, 8, 1, 11], "texture": "#0"},
				"west": {"uv": [0, 8, 1, 11], "texture": "#0"},
				"up": {"uv": [0, 8, 1, 9], "texture": "#0"},
				"down": {"uv": [0, 10, 1, 11], "texture": "#0"}
			}
		},
		{
			"name": "Cube",
			"from": [13, 5, 7.5],
			"to": [14, 8, 8.5],
			"faces": {
				"north": {"uv": [1, 8, 0, 11], "texture": "#0"},
				"east": {"uv": [15, 8, 16, 11], "texture": "#0"},
				"south": {"uv": [15, 8, 16, 11], "texture": "#0"},
				"up": {"uv": [15, 8, 16, 9], "texture": "#0"},
				"down": {"uv": [15, 10, 16, 11], "texture": "#0"}
			}
		},
		{
			"name": "Cube",
			"from": [6, 1, 7.5],
			"to": [10, 2, 8.5],
			"faces": {
				"north": {"uv": [10, 14, 6, 15], "texture": "#0"},
				"east": {"uv": [9, 14, 10, 15], "texture": "#0"},
				"south": {"uv": [6, 14, 10, 15], "texture": "#0"},
				"west": {"uv": [6, 14, 7, 15], "texture": "#0"},
				"down": {"uv": [6, 14, 10, 15], "texture": "#0"}
			}
		}
	],
	"display": {
		"thirdperson_righthand": {
			"translation": [0, 3, 1],
			"scale": [0.55, 0.55, 0.55]
		},
		"firstperson_righthand": {
			"rotation": [0, -90, 25],
			"translation": [1.13, 3.2, 1.13],
			"scale": [0.68, 0.68, 0.68]
		},
		"ground": {
			"translation": [0, 2, 0],
			"scale": [0.5, 0.5, 0.5]
		},
		"head": {
			"rotation": [0, 180, 0],
			"translation": [0, 13, 7]
		},
		"fixed": {
			"rotation": [0, 180, 0]
		}
	}
}